element_type,osmid,name,x,y
node,112147966,Abzweigung Bennerstedt,10.4869702,53.3146462
node,185936288,Lüneburger Straße,10.5227006,53.2288511
node,185936294,Lüneburger Straße,10.5241209,53.22905
node,260372699,"Karze, An den Hauskoppeln",10.6739869,53.314295
node,270544778,Universitätsallee,10.4052614,53.230091
node,270748838,Universitätsallee,10.4056721,53.2288147
node,275961621,"Artlenburg, Grünstraße",10.4921805,53.3719336
node,282930003,Bitter,11.0357666,53.1693992
node,282931642,Zeetze I,10.9803664,53.2322526
node,282931690,Stapel II,10.9585176,53.25384
node,282934765,Rosien I,10.9660569,53.298371
node,283199500,Raffatz,11.1077411,53.1535816
node,283199502,Strachau,11.10147,53.1504207
node,283199504,"Laake, Abzweig",11.0756096,53.1557855
node,293938387,Bei Mönchsgarten,10.3904939,53.2529278
node,298512342,Hermann-Löns-Straße,10.4357546,53.2611082
node,298512345,Hermann-Löns-Straße,10.4357131,53.2609792
node,304485121,Wilhelm-Leuschner-Straße,10.4442936,53.236347
node,304485122,Graf-von-Moltke-Straße,10.4385436,53.2372693
node,304485123,St.-Stephanus-Platz,10.4347836,53.2385554
node,304485135,Konrad-Adenauer-Straße,10.4319275,53.2377656
node,304485136,Waldfriedhof,10.429653,53.2361294
node,304485137,Schäferfeld,10.4287246,53.2378491
node,304485138,Kurt-Schumacher-Straße,10.4269383,53.2401354
node,304485140,Blümchensaal,10.4230445,53.2433336
node,304911409,Theodor-Heuss-Straße,10.4329576,53.2462219
node,304911410,Venusberg (Johanneum),10.4303141,53.2465477
node,304911411,Ziegelkamp,10.4276158,53.2474105
node,304911412,Am Schützenplatz,10.4236403,53.2487451
node,309164443,"Deutsch Evern, Triftstraße",10.4383763,53.2028361
node,310532861,Becklingen,10.638701,53.1685565
node,311743947,"Radbruch, Schäfer-Ast-Straße",10.2858188,53.3115371
node,314648123,Seedorf Abzweigung,10.7112473,53.1647727
node,314650335,"Ahndorf, Am Rundling",10.7374499,53.1590307
node,316261461,"Thomasburg, Radenbecker Weg",10.6537654,53.2297167
node,317528416,Abzweig Dumstorf,10.6967738,53.1893837
node,317528444,"Köstorf, Abzw. Barskamp",10.7566624,53.2330487
node,318183420,Abzweig Radenbeck,10.6206885,53.2012926
node,318183435,Abzweig Radenbeck,10.6223,53.2008396
node,318189775,Mitte / B216,10.6378781,53.1973134
node,319989751,Breetzer Straße,10.7248594,53.2821702
node,322048072,Wichernstraße,10.397792,53.2268409
node,322048074,Anna-Vogeley-Heim,10.3984829,53.2251001
node,322051798,Am Elsenbruch,10.4012942,53.2245326
node,322051837,Röntgenstraße / Kirche,10.4024801,53.2227054
node,322051838,Röntgenstraße,10.4028648,53.2207693
node,322053787,Planckstraße,10.404717,53.2192047
node,323130841,Neetzebrücke,10.6150702,53.2650616
node,323130842,Neetzebrücke,10.6153434,53.2651559
node,332563449,Reichenbachplatz,10.4106941,53.2531248
node,333235522,Bürgeramt,10.4092892,53.2522431
node,333258136,Reichenbachplatz,10.4105282,53.2528422
node,339175182,"Radenbeck, Siedlung",10.6264241,53.2178751
node,346604672,Markt,10.7418278,53.1870816
node,346604680,Markt,10.742553,53.1868536
node,349269969,Meisterweg,10.4317204,53.2599086
node,349269971,Meisterweg,10.4319211,53.2598293
node,349269973,Hansestraße,10.4261391,53.2555935
node,349269974,Hansestraße,10.4263779,53.2553319
node,349269976,Henningstraße,10.4233245,53.2525633
node,349269977,Henningstraße,10.4234313,53.2524243
node,349269979,Pulverweg (Nord),10.422458,53.2511748
node,349269980,Blümchensaal,10.42301,53.2431934
node,349269981,Kurt-Schumacher-Straße,10.42617,53.2405006
node,349269983,Schäferfeld,10.4285451,53.2377597
node,349269984,Konrad-Adenauer-Straße,10.4313127,53.2377201
node,349277045,St.-Stephanus-Platz,10.4348131,53.2383835
node,349277050,Graf-von-Moltke-Straße,10.43981,53.2366261
node,349277053,Wilhelm-Leuschner-Straße,10.4439324,53.236198
node,349277058,Wilhelm-Leuschner-Straße,10.4439416,53.236002
node,349277062,Theodor-Haubach-Straße,10.4422643,53.2341433
node,349277066,Theodor-Haubach-Straße,10.4424649,53.2342571
node,349277070,Bülows Kamp,10.4459154,53.2314995
node,349277075,Klosterkamp,10.4460096,53.2292609
node,349277080,Hermann-Wagner-Straße,10.4441928,53.2288883
node,349277083,Theodor-Haubach-Straße,10.4433511,53.2347056
node,349277089,Hinrich-Wilhelm-Kopf-Straße,10.4337268,53.2393598
node,349277092,Theodor-Heuss-Straße,10.4326212,53.2462441
node,349277097,Venusberg (Johanneum),10.4297024,53.2464494
node,349277100,Ziegelkamp,10.4275306,53.2476202
node,353234737,"Handorf, Grundschule",10.3467072,53.3419322
node,361052110,Im Kirchfelde,10.3196032,53.2800856
node,362121441,"Barum, Am Sportplatz",10.4088761,53.3509372
node,362121468,"Barum, Am Sportplatz",10.4086667,53.3509318
node,364332228,Am Sande,10.4107075,53.2477583
node,364332233,Am Sande,10.4107411,53.247575
node,364332237,Am Sande,10.4111643,53.2476477
node,364332242,Am Sande,10.4113761,53.2479237
node,364371984,,10.8452247,53.1506394
node,369962274,Oedeme Dorf,10.3769693,53.228942
node,369968855,Oedeme Dorf,10.3761154,53.2288613
node,369974664,Im Kamp,10.3850765,53.2222253
node,370660701,Scharnhorststraße/DJH,10.3971229,53.2300297
node,370660953,Blücherstraße,10.4000814,53.2311691
node,375912970,Neuhaus OT Carrenzien,10.9345933,53.2786657
node,386915979,Imkerstieg,10.388762,53.2746341
node,387439258,Neue Straße,10.431328,53.274525
node,387439282,Danziger Weg,10.4383568,53.2816633
node,387487106,MTV-Platz,10.4049563,53.2353498
node,387487107,Kurpark,10.4043801,53.2384105
node,387487108,Kurpark,10.4046576,53.2381017
node,387487109,Uelzener Straße (Kurzentrum),10.4044333,53.2404345
node,389040610,Munstermannskamp,10.4052689,53.232103
node,403012157,Osterwiese,10.3746107,53.2148267
node,403012162,Klosterweg,10.371994,53.2117385
node,409745030,Ginsterweg,10.3959836,53.2326736
node,410742086,Am Schwalbenberg,10.4223308,53.2459133
node,410742087,Am Schwalbenberg,10.4222754,53.2460854
node,410750968,Wallstraße (Theater),10.4072015,53.245682
node,410750969,Postamt,10.4038332,53.2429593
node,410750970,Uelzener Straße (Kurzentrum),10.4041302,53.241033
node,410750971,MTV-Platz,10.4048097,53.2346178
node,410750972,Munstermannskamp,10.405082,53.2319862
node,410751815,Hasenburg,10.3940989,53.2255233
node,410751818,Hasenburg,10.3938541,53.2256421
node,410751820,Eintracht Sportplatz,10.3854737,53.2211913
node,410751823,Eintracht Sportplatz,10.386764,53.2215175
node,411082313,Am Bahnhof Rettmer,10.3816755,53.21947
node,411082314,Wiesengrund,10.3746747,53.2134269
node,411085018,Pilgerpfad,10.3783934,53.2099019
node,411100376,Am Wischfeld,10.3882696,53.2112187
node,411100377,Hessenweg (Mitte),10.3879839,53.2138366
node,411100378,Am Bäckfeld,10.3886319,53.2166547
node,411100381,Häcklinger Weg,10.387037,53.2197354
node,411100383,Im Kamp,10.383993,53.2228151
node,413891247,B 4 Parkplatz,10.345182,53.3345096
node,414134112,Stadttheater,10.4076949,53.2439859
node,414134114,Postamt,10.4042123,53.2425241
node,414134154,Sültenweg,10.3929476,53.244192
node,414134156,Sültenweg,10.3931646,53.2440485
node,414137468,Am Grasweg,10.3881566,53.2461189
node,414154230,Jägerstraße,10.3847644,53.2489566
node,414160019,Johanna-Stegen-Straße,10.3874009,53.2494991
node,414160021,Vor dem Neuen Tore,10.3924213,53.2500778
node,414165032,Dörnbergstraße,10.3938125,53.2511306
node,414165037,Witzendorffstraße,10.3923654,53.2565779
node,414167814,Ebelingweg,10.3911893,53.2614652
node,414167815,Ebelingweg,10.3910981,53.2608777
node,414191748,Naruto-Straße,10.3852786,53.2693964
node,414191934,Krähornsberg,10.3867792,53.2706226
node,414191937,Krähornsberg,10.3859737,53.270651
node,414237484,Imkerstieg,10.3888705,53.2750073
node,414237514,Teilfeld,10.3895463,53.2794573
node,414576607,Wilhelm-Hänel-Weg,10.4044742,53.2699592
node,415596175,Naruto-Straße,10.3852311,53.2693031
node,415596176,Am Wildgehege,10.3891011,53.2686373
node,415596177,Witzendorffstraße,10.3921818,53.2567251
node,415596178,Laffertstraße,10.3930618,53.255513
node,415596179,Schomakerstraße,10.3996894,53.2540821
node,415596180,Am Springintgut,10.4002528,53.2521255
node,415596181,Am Graalwall,10.4027651,53.2509053
node,415596182,Neue Sülze,10.4040892,53.2478008
node,415596183,Lambertiplatz,10.4031072,53.2456516
node,415596184,Wallstraße (Theater),10.4083271,53.2457891
node,415971818,Am Wildgehege,10.3891976,53.2687703
node,415971819,Laffertstraße,10.3943276,53.2553445
node,415971821,Markt,10.4089092,53.2507779
node,415971822,Rathaus,10.4068106,53.2506572
node,417024690,Kefersteinstraße (UNI),10.4102138,53.2406193
node,417024692,Kefersteinstraße (UNI),10.410336,53.2411862
node,420486138,Gut Willerding,10.4566119,53.225116
node,420486139,Gut Willerding,10.45643,53.2255512
node,420486140,Bahnhof,10.4336107,53.2000625
node,420486141,Bahnhof,10.4338059,53.2001098
node,420486142,Von-Kleist-Weg,10.4311623,53.1971633
node,420486143,Von-Kleist-Weg,10.4312143,53.1970668
node,420486144,"Deutsch Evern, Fritz-Reuter-Straße",10.4284361,53.1939183
node,420486145,"Deutsch Evern, Fritz-Reuter-Straße",10.4284919,53.1939908
node,420486146,"Deutsch Evern, Friedhof",10.4232358,53.1924397
node,420486147,"Deutsch Evern, Friedhof",10.4212942,53.1921206
node,420486148,Deutsch Everner Weg,10.4159088,53.1860963
node,420486151,"Deutsch Evern, An der Ilmenau",10.4196648,53.1957057
node,420486152,"Deutsch Evern, An der Ilmenau",10.4198391,53.1957022
node,420486153,"Deutsch Evern, Wandelfeld",10.4201711,53.1978557
node,420486154,"Deutsch Evern, Wandelfeld",10.4201582,53.1983543
node,420486155,"Deutsch Evern, Finkenstieg",10.4204929,53.2018114
node,420486156,"Deutsch Evern, Finkenstieg",10.4203496,53.2017822
node,420486157,"Deutsch Evern, Petersberg",10.4170104,53.2056615
node,420486158,"Deutsch Evern, Petersberg",10.416891,53.2056176
node,420486159,"Deutsch Evern, Am Tiergarten",10.4186211,53.2073704
node,420486160,"Deutsch Evern, Am Tiergarten",10.4186264,53.2072312
node,420486161,"Deutsch Evern, Tiergartenstraße",10.4293826,53.2061751
node,420486162,"Deutsch Evern, Tiergartenstraße",10.4295066,53.2062233
node,420486163,"Deutsch Evern, Triftstraße",10.4384624,53.2026301
node,420486164,"Deutsch Evern, Birkenweg",10.4432816,53.2042662
node,420486165,"Deutsch Evern, Birkenweg",10.4433723,53.2041816
node,420486166,Schützenstraße,10.4452134,53.2035664
node,420486167,Schützenstraße,10.4452876,53.2035698
node,420486169,Pulverweg (Nord),10.4224499,53.2510755
node,428293412,Im Alten Dorfe,10.2968669,53.2083215
node,430086360,Bürgeramt,10.4095164,53.2523442
node,430086361,Am Kreideberg,10.4042363,53.255164
node,430086363,Stöteroggestraße (Süd),10.4020549,53.2556211
node,430086365,Boizenburger Straße,10.3989629,53.2574691
node,430086366,Thorner Straße (West),10.3943921,53.2585943
node,430086367,Thorner Platz,10.3997927,53.2595982
node,430086368,Salzwedeler Straße,10.4032549,53.2606612
node,430086370,Elbinger Straße,10.4028514,53.2627146
node,430086371,Dessauer Straße,10.401462,53.2641491
node,430086372,Magdeburger Straße,10.3993732,53.266558
node,430086374,Stöteroggestraße (Nord),10.3993537,53.2644566
node,430086375,Elbinger Straße,10.4027379,53.2623257
node,430086376,Salzwedeler Straße,10.4029658,53.2601101
node,430086377,Thorner Platz,10.3995589,53.2596588
node,430086378,Thorner Straße (West),10.3942871,53.2587027
node,430086380,Boizenburger Straße,10.3990604,53.2575315
node,430086382,Stöteroggestraße (Süd),10.4018548,53.2555911
node,430086383,Am Kreideberg,10.4029039,53.2550643
node,430086384,Rathaus,10.4064691,53.250697
node,443503553,Brücke,10.3810417,53.331609
node,444017996,Hasenburger Weg,10.3832526,53.2287752
node,444017998,Hasenburger Weg,10.3829555,53.2291944
node,454230097,Mühle,10.7656974,53.1696799
node,455557154,"Seedorf bei Boitze, Ort",10.717425,53.164422
node,455975995,Wallstraße,10.3864893,53.3009499
node,455975996,Wallstraße,10.3866257,53.3007034
node,455998982,Elba,10.4271323,53.2961666
node,461590810,Landwehrplatz,10.3574147,53.2479717
node,461590811,Rathaus,10.3524558,53.2483051
node,464776605,Bardowicker Straße,10.5031696,53.2949054
node,469727032,Lübbelau,10.4989646,53.2938205
node,470357781,Finkenweg,10.3619305,53.2704586
node,471601011,"Lemgrabe, Am Hasenberg",10.7044397,53.1711381
node,471792857,Lilienthalstraße,10.4599879,53.2437212
node,471792859,Lilienthalstraße,10.4598425,53.2439929
node,471794057,Von-Stern-Straße,10.4625961,53.245733
node,471794058,Von-Stern-Straße,10.4625665,53.246187
node,471794059,Eisenwerk,10.4692372,53.249358
node,471794060,Eisenwerk,10.4706737,53.2494862
node,471796358,Gebrüder-Heyn-Straße,10.4656699,53.248161
node,471796359,Gebrüder-Heyn-Straße,10.4674338,53.2485291
node,471796360,Hagen-Schule,10.4473637,53.2440639
node,471796361,Hagen-Schule,10.4472914,53.2439653
node,471796939,Wacholderweg,10.4425033,53.2452459
node,471796940,Wacholderweg,10.4426751,53.2450868
node,474746110,"Ventschau, Am Dicken Busch",10.851468,53.2045467
node,474746111,Abzweig Ventschau,10.8395718,53.2129576
node,475959143,Ahornweg,10.4381585,53.2465445
node,475959146,Ahornweg,10.4380611,53.2465456
node,479506112,Adendorfer Straße,10.5003095,53.2907226
node,479506114,Adendorfer Straße,10.5010224,53.2903423
node,479506125,Boltersener Straße,10.5367548,53.2835213
node,479506128,"Boltersen, Rullstorfer Straße",10.5655161,53.2754359
node,479506131,Nutzfelder Weg,10.5301085,53.2861568
node,480038596,Hauptstraße,10.5054053,53.2911209
node,481025366,Sportzentrum,10.4553245,53.2890979
node,482664290,Grundschule,10.5095283,53.2926817
node,482664337,Bardowicker Straße,10.5038584,53.2947468
node,482664340,Lübbelau,10.4986907,53.2936051
node,483624333,Danziger Weg,10.4380449,53.2817328
node,483624340,Weinbergsweg Schule,10.4327074,53.2822368
node,483624347,Weinbergsweg Schule,10.4324878,53.2822383
node,489444061,Meisterstraße,10.5102281,53.2939604
node,489755111,Jürgenstorfer Straße,10.5973461,53.3233128
node,490967830,K 2 / Zum Bahnhof,10.528343,53.2892813
node,490967837,Alte Dorfstraße,10.5397765,53.2891528
node,490967972,"Scharnebeck, Echemer Straße",10.5057743,53.297607
node,490967974,"Scharnebeck, Echemer Straße",10.5056592,53.2975824
node,491519948,"Lentenau, K28",10.5054742,53.2755473
node,491519949,"Lentenau, K28",10.5055513,53.2756175
node,491520070,Lüneburger Straße,10.5016734,53.2871273
node,491520071,Lüneburger Straße,10.5021627,53.2871651
node,495945811,"Reinstorf, Reinstorfer Kreuz",10.5684264,53.220633
node,495945812,"Reinstorf, Reinstorfer Kreuz",10.5660911,53.221438
node,496465786,Stixe,11.0184153,53.208598
node,497345983,Zeetze II,10.9874946,53.2276189
node,497346091,Stapel I,10.9579936,53.256979
node,497346142,Sumte,10.8789652,53.2878374
node,497346256,Neu Garge,10.8299917,53.2724174
node,497346347,Viehle,10.8359506,53.2588292
node,498835822,Wilkenstorf,11.1109712,53.1586831
node,498835825,Bohnenburg,11.1235982,53.1659804
node,498835830,Bohnenburger Eck,11.1311933,53.1754045
node,498835834,"Tripkau, Schule",11.1160885,53.1845458
node,503422950,Im Sande,10.2803467,53.2301573
node,503422958,Im Sande,10.2802815,53.2300494
node,503422960,Schützenstraße,10.2882518,53.2301873
node,503422967,Kirche,10.2939288,53.2303584
node,503422979,Im Wiesengrund,10.3009457,53.2311062
node,503422983,Im Wiesengrund,10.3010423,53.2312454
node,522791942,Landwehr,10.3957654,53.2839468
node,522795523,Hagemannsweg,10.3983505,53.2810195
node,534267751,Schulzentrum,10.4967743,53.2896025
node,534267752,Schulzentrum,10.4965926,53.2896378
node,534267753,Schulzentrum,10.4964247,53.2897092
node,534267759,Schulzentrum,10.4974339,53.2898558
node,534267760,Schulzentrum,10.4973976,53.2897899
node,534267761,Schulzentrum,10.4973279,53.2897055
node,534267762,Schulzentrum,10.4971505,53.2896045
node,534267764,Schulzentrum,10.4969426,53.2895904
node,534267772,Schulzentrum,10.4969308,53.2903003
node,534267773,Schulzentrum,10.4970753,53.2902773
node,534267774,Schulzentrum,10.4972483,53.2902398
node,534267785,Schulzentrum,10.4974388,53.2901336
node,534267786,Schulzentrum,10.49748,53.2899964
node,534267787,Schulzentrum,10.4974639,53.2899251
node,535103235,Groß Kühren,10.9170623,53.2363026
node,538482513,Floetstraße,10.4091665,53.1800477
node,538482515,Rote Schleuse,10.410347,53.2094935
node,538482518,Rote Schleuse,10.4100094,53.2094364
node,538482520,"Melbeck, Uelzener Straße",10.4178352,53.1752435
node,538482521,Bernhard-Riemann-Straße,10.4054578,53.22347
node,538482526,Bernhard-Riemann-Straße,10.4058041,53.2244796
node,538499889,Floetstraße,10.4093169,53.1797914
node,538499891,"Melbeck, Uelzener Straße",10.4177709,53.1750211
node,538499892,Deutsch Everner Weg,10.4157873,53.1861285
node,540037365,Neuhaus Schule,10.9413295,53.2870013
node,546443196,Von-Stauffenberg-Straße,10.4401651,53.282214
node,550132882,Rauher Weg,10.434875,53.276487
node,550132886,Rauher Weg,10.435173,53.276703
node,558971481,"Heiligenthal, Ort",10.3359066,53.2202422
node,558971483,"Heiligenthal, Ort",10.3358615,53.2203276
node,558971486,In de Tüünen,10.336901,53.2195772
node,558971488,In de Tüünen,10.3370339,53.2195572
node,560124578,Heiligenthaler Straße,10.3021503,53.2287282
node,560124579,Heiligenthaler Straße,10.3022974,53.228814
node,566592811,Im Sande,10.3858532,53.2970004
node,567924649,"Melbeck, Danziger Straße",10.3722583,53.1809678
node,569111833,"Embsen, Siedlung",10.3612379,53.1806562
node,574834364,Kulturforum Wienebüttel,10.3744107,53.2644052
node,577733851,"Brietlingen, Schierenweg",10.4343011,53.3141351
node,579745079,"Brietlingen, Moorweg",10.4397463,53.3174256
node,579745088,Ritzkamper Weg,10.4574358,53.327569
node,579745093,Ritzkamper Weg,10.4574832,53.3276703
node,595316447,Schwarzer Weg,10.428384,53.2715467
node,596510627,Gut Olm,10.4541438,53.2614926
node,596510629,Gut Olm,10.4549871,53.261685
node,596510630,Abzweigung Ebensberg,10.4600774,53.2637503
node,596510632,Abzweigung Ebensberg,10.4622001,53.265136
node,596510634,Erbstorfer Landstraße,10.4778683,53.2739834
node,596510635,Erbstorfer Landstraße,10.4776582,53.2740163
node,598165240,Hölderlinstraße,10.4436723,53.2608865
node,599304624,"Wendewisch, Campingplatz",10.6501668,53.3587971
node,617807630,"Riecklingen, Abzweigung",10.7099559,53.205882
node,617807631,Leestahl 2,10.6997246,53.2079337
node,617807634,Vindorf,10.7216374,53.1582
node,617807640,Grundschule,10.7418092,53.1879428
node,618577357,Am Kirchkamp,10.6965007,53.1789467
node,618614484,Schule A,10.5369096,53.2254603
node,618753675,Bahnhof,10.2154688,53.1308974
node,663701154,"Embsen, Bahnhofstraße",10.3454169,53.177286
node,663701156,Schulzentrum,10.3508537,53.1800141
node,663785697,"Embsen, Querlberg",10.3510466,53.1737042
node,667244937,"Horndorf, Zur Doven Elbe",10.5885781,53.2144044
node,667247479,"Reinstorf, Hauptstraße",10.5723353,53.2342885
node,667440660,Forsthaus,10.3455259,53.1658521
node,687572700,"Barum, Abzweig Horburg",10.404422,53.353689
node,687572706,"Barum, Am See",10.411604,53.3506593
node,687572709,"Barum, Am See",10.4108469,53.3509251
node,702618125,"Oldendorf (Luhe), Ortsmitte",10.2140869,53.1554418
node,702618126,"Oldendorf (Luhe), Ortsmitte",10.213883,53.1554215
node,702618132,"Oldendorf (Luhe), Salzhausener Straße",10.2134989,53.1588068
node,702618133,"Oldendorf (Luhe), Salzhausener Straße",10.2134543,53.1582166
node,702618162,Marxen am Berge,10.2480264,53.1608426
node,702618163,Marxen am Berge,10.2479086,53.1606828
node,702618165,Marxen-Lühr,10.2614544,53.155945
node,702618166,Marxen-Lühr,10.2613185,53.1558034
node,702658157,"Oerzen, Fliederstraße",10.327642,53.1921149
node,702658159,"Oerzen, Fliederstraße",10.3275154,53.1928235
node,706472413,Hohe Luft,10.4174102,53.1751221
node,707822029,"Bavendorf, Im Dorfe",10.6393535,53.1958992
node,707822041,Mitte / B216,10.6378245,53.1971955
node,707914904,"Reinstorf, Am Vitusbach",10.5723556,53.2346506
node,728601514,Neumühlener Weg,10.5683419,53.289706
node,728601515,Möhlenkamp,10.5603385,53.2898973
node,728601522,Neumühlener Weg,10.5683459,53.289803
node,728601535,Bahnhof,10.5699017,53.2859512
node,728601552,Möhlenkamp,10.5603815,53.2898017
node,728601575,Bahnhof,10.5700897,53.2858222
node,731001818,Auf der Hausstelle,10.4764512,53.217232
node,731001823,Feuerwehr,10.4695606,53.2158292
node,734659529,Ostlandring,10.4399979,53.242081
node,734659530,Freibad,10.4423226,53.2409945
node,741395439,Kreuzkamp,10.4364118,53.286404
node,741395458,Robert-Koch-Straße,10.4528497,53.2840109
node,741395467,Friedhof,10.4481389,53.2855037
node,741395484,Heinrich Heine Siedlung,10.464871,53.2786754
node,741395489,An der Bünte,10.4601337,53.2803412
node,741395495,Heinrich-Hille-Straße,10.4428154,53.2861609
node,741395501,Weinbergsweg,10.4327,53.2853082
node,741395507,An der Bünte,10.4583251,53.2811989
node,741395512,Heinrich Heine Siedlung,10.4645495,53.2788521
node,741395525,Kreuzkamp,10.4364719,53.2863033
node,741395527,Heinrich-Hille-Straße,10.4427744,53.2860845
node,741395545,Robert-Koch-Straße,10.4528145,53.2839445
node,741395550,Friedhof,10.4475562,53.2858713
node,741395555,Weinbergsweg,10.4327963,53.2853241
node,745805206,,10.261395,53.1558464
node,765350076,"Radenbeck, Linnenkamp",10.6277678,53.2215393
node,765350198,"Radenbeck, Dorfstraße",10.6301273,53.224299
node,767330094,Siedlung,10.5916573,53.2412736
node,767330153,Siedlung,10.5911732,53.2411805
node,773553061,"Brietlingen, Am Sportplatz",10.436449,53.3191189
node,773553088,"Brietlingen, Am Sportplatz",10.435023,53.3176598
node,795056872,Goebelstraße,10.4167169,53.26866
node,798534931,"Echem, Schulstraße",10.5430609,53.3376807
node,800462877,Grüner Weg,10.432352,53.272947
node,800463848,Lindenweg,10.4380841,53.2730333
node,800464535,Lindenweg,10.4368635,53.2728009
node,818722480,Otto-Brenner-Straße (Kehre),10.4837546,53.2364276
node,855121275,"Brietlingen, Stettiner Ring",10.4441547,53.3134023
node,869281361,Wilhelm-Hänel-Weg,10.4050523,53.268679
node,869281373,Sternkamp,10.4057395,53.2669292
node,871256635,Kirchweg,10.436374,53.278698
node,871256637,Kirchweg,10.436994,53.279153
node,871730916,Bunsenstraße,10.4412818,53.2495011
node,871731608,Bachstraße,10.4400425,53.2473918
node,874311439,"Raven, Revener Dorfstraße",10.1589262,53.1733128
node,874311452,"Raven, Revener Dorfstraße",10.1590576,53.173316
node,902415882,Rosenkamp,10.3790788,53.2244958
node,902415888,Schmiedestraße,10.3767866,53.2247574
node,902415892,Rosenkamp,10.379278,53.2242601
node,902415900,Rehrweg,10.3725779,53.2263697
node,902415912,Schmiedestraße,10.3759237,53.2250247
node,902415927,Rehrweg,10.3728183,53.2264299
node,905142284,"Wittorf, Wiesenstraße",10.3800426,53.3322006
node,915967687,Volgershall/UNI,10.3840653,53.249349
node,924513262,Städtisches Klinikum,10.397306,53.2407753
node,924513361,Städtisches Klinikum,10.3972543,53.2408905
node,930617129,Kindergarten,10.5589845,53.3655129
node,930617232,Schule Haltestelle C,10.5640138,53.3613479
node,930617284,Schule Haltestelle A,10.563715,53.3617441
node,930617343,Schule Haltestelle D,10.5641594,53.3611706
node,930617429,Kindergarten,10.5594215,53.3652736
node,930617456,Schule Haltestelle B,10.5638589,53.3615218
node,932785403,"Lüdersburg, Kirchtwiete",10.5738389,53.3204039
node,932785470,"Lüdersburg, Kirchtwiete",10.5736089,53.3202629
node,932785598,Abzweigung Jürgenstorf,10.5951755,53.3304483
node,937042681,Melbeck Grundschule,10.404557,53.1787734
node,959459192,Gifkendorf,10.5503194,53.1892645
node,965065977,Elba,10.4269898,53.2967091
node,965096601,B 209,10.4945384,53.3681692
node,975589762,Gerhart-Hauptmann-Straße,10.3395324,53.2463836
node,975591759,Händelstraße,10.3420038,53.2517922
node,975592030,Alter Postweg,10.3435316,53.2525452
node,976359559,Lessingstraße,10.3398479,53.2496234
node,976364837,Am Fuchsberg,10.3473817,53.2531473
node,976366479,Im Westerfelde,10.349476,53.2522281
node,984528254,Alte Salzstraße,10.4746437,53.3625861
node,1039463414,Behördenzentrum (Ost),10.4313902,53.2509696
node,1048704480,Psychiatrische Klinik,10.3880794,53.2543494
node,1092138007,Am Bruch,10.3319859,53.3020685
node,1108268733,Bei der Pferdehütte,10.4047332,53.2741646
node,1116593359,Alec-Moore-Straße,10.3812801,53.2465139
node,1116593361,Hölderlinstraße,10.4451929,53.2607287
node,1116593365,Am Bargenturm,10.3985975,53.2452478
node,1116593369,Heidkoppelweg,10.4689526,53.2613986
node,1116593371,Memeler Straße,10.4680489,53.2602671
node,1116593375,William-Watt-Straße,10.38069,53.2448537
node,1116593381,Allensteiner Straße,10.463416,53.2641335
node,1116593384,Alec-Moore-Straße,10.3820658,53.2467615
node,1116593386,Allensteiner Straße,10.4633933,53.2639573
node,1116593388,"Erbstorf, Wendeplatz",10.4763614,53.2737862
node,1116593391,Am Grasweg,10.3878744,53.2462357
node,1116593396,Jüttkenmoor,10.3849708,53.2479273
node,1116593402,Jüttkenmoor,10.3852141,53.2478421
node,1116593403,Am Bargenturm,10.3978454,53.2448883
node,1116593409,Am Ziegeleiteich,10.4720436,53.2599796
node,1116773357,Lambertiplatz,10.4032231,53.2456921
node,1137687948,Vor dem Neuen Tore,10.3895808,53.2499815
node,1137687985,Ostlandstraße (Schule),10.3500738,53.2485861
node,1137688091,Schnellenberger Weg,10.3639159,53.2477958
node,1137688164,Am Graalwall,10.402609,53.250979
node,1137688221,Ostlandstraße Spielplatz,10.3433004,53.2483843
node,1137688232,Am Lerchenberg,10.3674726,53.2470042
node,1137688247,Am Schwarzen Berg,10.3434432,53.2453669
node,1156522335,Steinweg,10.4425957,53.2755805
node,1156522398,Im Gutspark,10.4468141,53.286184
node,1156522399,Virchowstraße,10.4469601,53.2814563
node,1156522406,Virchowstraße,10.4469728,53.2812635
node,1156522409,Steinweg,10.442191,53.2750893
node,1156522434,Teichaue,10.449058,53.2865534
node,1157694827,Moorchaussee,10.4478643,53.2889918
node,1157694871,Kastanienallee,10.454844,53.2839238
node,1157694917,Kastanienallee,10.4547474,53.2839022
node,1157694940,Katzenweg,10.4572671,53.2868678
node,1157694970,Katzenweg,10.4571839,53.2869674
node,1181280550,Friedrich-Ludwig-Jahn-Straße,10.4083952,53.235035
node,1181280590,Rotes Tor,10.4097351,53.2437968
node,1181280625,Goethestraße,10.4104754,53.2351006
node,1181280702,Behördenzentrum (Ost),10.4306238,53.2510324
node,1181280826,Bunsenstraße,10.441134,53.2494425
node,1181280845,Hagen Wendeplatz,10.4519518,53.2428075
node,1181280891,Bachstraße,10.4400335,53.2473003
node,1181280904,Goethestraße,10.4102835,53.2352269
node,1181280913,Hopfengarten,10.4278875,53.2510849
node,1181280956,Wielandstraße,10.4108562,53.2377319
node,1181280963,Hans-Steffens-Weg,10.4349723,53.2509447
node,1181280987,Gaußstraße,10.4047485,53.222771
node,1181281013,Rotes Tor,10.4098558,53.243971
node,1181281030,Blücherstraße,10.3999073,53.2313787
node,1181281096,Friedrich-Ludwig-Jahn-Straße,10.4084849,53.2351586
node,1181281106,Scharnhorststraße/DJH,10.3970479,53.2299494
node,1181281132,Wichernstraße,10.398006,53.2266397
node,1181281148,Heinrich-Böll-Straße,10.4039471,53.2267352
node,1181281179,Hagen Wendeplatz,10.4517648,53.2429833
node,1181281208,Hans-Steffens-Weg,10.4349653,53.2508568
node,1181281260,Hopfengarten,10.4283903,53.2510042
node,1181281280,Wielandstraße,10.4107257,53.2376071
node,1187269501,Carl-von-Ossietzky-Straße,10.4015929,53.2275296
node,1195426701,Otto-Brenner-Straße,10.478437,53.2423045
node,1195426702,Flugplatz,10.4592049,53.2448717
node,1195426704,Schützenstraße,10.4348678,53.2446455
node,1195426707,Walter-Bötcher-Straße,10.4459578,53.2455633
node,1195426708,Stadtkoppel,10.4492537,53.2461948
node,1195426715,Kurt-Höbold-Straße,10.4778019,53.2402935
node,1195426718,Richard-Brauer-Straße,10.4429666,53.2447657
node,1195426726,Elso-Klöver-Straße,10.477347,53.2465791
node,1195426727,Gellersstraße,10.4300483,53.2478555
node,1195426730,Wilhelm-Fressel-Straße,10.4760492,53.2390287
node,1195426731,Otto-Brenner-Straße,10.4781812,53.2424374
node,1195426732,Flugplatz,10.4591935,53.2449658
node,1195426733,Schützenstraße,10.4348734,53.2448143
node,1195426735,Kurt-Höbold-Straße,10.477748,53.2403815
node,1195426736,Richard-Brauer-Straße,10.4428513,53.2447832
node,1195426737,Walter-Bötcher-Straße,10.4472107,53.2461867
node,1195426739,Stadtkoppel,10.4489784,53.2464486
node,1195426740,Ostlandring,10.4395711,53.2420938
node,1195426743,Gellersstraße,10.4290289,53.2481414
node,1195426745,Elso-Klöver-Straße,10.4775424,53.2464799
node,1318971120,Große Hof,10.3745541,53.1342237
node,1318971124,Abzw. Betzendorf,10.3727202,53.1351636
node,1321746678,Schildsteinweg,10.3914278,53.2407532
node,1327771519,Bauerholzweg,10.3722547,53.1388961
node,1329815862,Kampweg,10.382554,53.1578114
node,1329815865,Wiesenweg,10.3829747,53.1602771
node,1329815867,Mühlenberg,10.3710862,53.1423653
node,1329815870,Bokenkamp,10.3636165,53.1457606
node,1348734466,Finanzamt,10.4121817,53.2554488
node,1348734468,Auf dem Schmaarkamp,10.4105509,53.2603115
node,1348734473,Auf der Hude,10.4136152,53.2583328
node,1348734475,Auf der Hude,10.4134962,53.2583539
node,1348734476,Sternkamp,10.4053237,53.2675389
node,1349023101,Lüneburger Straße,10.354085,53.2744912
node,1349023125,Tennispark,10.3849925,53.2598361
node,1349023126,Kiefernweg,10.3526052,53.2753237
node,1349023146,Tennispark,10.3851752,53.2598965
node,1349023151,Brockwinkler Weg,10.3866216,53.256493
node,1349023179,Am Wildgehege,10.3897554,53.2666787
node,1349023189,Am Wildgehege,10.3898274,53.2657738
node,1349034965,Dachtmisser Weg,10.3477471,53.2780348
node,1356143856,Niendorfer Weg,10.4727397,53.2140252
node,1356143857,Niendorfer Weg,10.4725624,53.2139819
node,1393981658,Auf der Hausstelle,10.4763277,53.2172654
node,1393981663,Feuerwehr,10.4695655,53.2156889
node,1428466983,Niendorf (Amt Neuhaus),10.8897837,53.306826
node,1457216860,Große Straße,10.4871138,53.3709802
node,1462314675,"Göddingen, Wöppenberg",10.7610009,53.2566452
node,1462319891,"Göddingen, Am Fischteich",10.7642906,53.2535523
node,1500734783,Ortsmitte/B209,10.2925719,53.1510817
node,1500742087,"Drögennindorf, Celler Landstraße",10.2962873,53.1507639
node,1500742090,Neu Oerzen,10.3184746,53.1792981
node,1506682222,"Wendhausen, Im Ort",10.5670338,53.2506276
node,1521522860,"Melbeck, Gymnasium",10.4156375,53.1785399
node,1526117714,Ebstorfer Straße,10.4043018,53.1789627
node,1547402603,"Barendorf, Dorfstraße",10.5212258,53.2244543
node,1547403292,"Barendorf, Dorfstraße",10.5214383,53.2246145
node,1580923936,Neu Häcklingen,10.4055348,53.2094134
node,1580924006,Neu Häcklingen,10.4052016,53.2084386
node,1580939963,"Melbeck, Danziger Straße",10.3730217,53.1811028
node,1580939974,Am Rischpool,10.3791154,53.1810146
node,1602846163,Robert-Schumann-Straße,10.433913,53.2900786
node,1603471272,Schwarzer Weg,10.4280345,53.2715346
node,1603544600,Königsberger Weg,10.4398725,53.2834046
node,1603544609,Königsberger Weg,10.4398485,53.2834064
node,1647151461,Kornblumenweg,10.4327786,53.2876679
node,1647151469,Kornblumenweg,10.4328522,53.2876507
node,1647151473,Röthenweg,10.4327278,53.2859085
node,1647151482,Röthenweg,10.4327655,53.2859189
node,1674676631,Neuhaus Tankstelle,10.9376638,53.2867524
node,1757030062,Zeltberg,10.4069669,53.2650556
node,1757030071,Zeltberg,10.4069351,53.2651379
node,1759808927,Dorfplatz,10.3501768,53.2783682
node,1781853978,Am Stadtberg,10.3588328,53.2733993
node,1781853981,Pumpenstation,10.3675583,53.2652064
node,1781853982,Pumpenstation,10.3676586,53.2652856
node,1782540334,Dörnbergstraße,10.3935804,53.251307
node,1782540335,Kulturforum Wienebüttel,10.375137,53.264166
node,1785824065,Am Stadtberg,10.3577527,53.273721
node,1799695011,Friedhofsweg,10.3471319,53.2765812
node,1801577706,Heimathaus,10.7250696,53.2951218
node,1801577707,Heimathaus,10.7251817,53.2951842
node,1801577708,Marschweg,10.7201811,53.2971121
node,1801577709,Marschweg,10.7202251,53.2971963
node,1801577768,"Bleckede, Auf dem Kamp",10.7366005,53.2891135
node,1801577775,Saatbau,10.7403748,53.2850418
node,1801577776,Saatbau,10.7398407,53.2851954
node,1801632860,Fähranleger,10.7342034,53.2977944
node,1811057557,Buendorf,10.7519136,53.1843834
node,1811057558,Buendorf,10.7519659,53.1844829
node,1811057593,Kreuzung,10.7800434,53.171045
node,1811057597,Kreuzung,10.7801148,53.1711337
node,1811057621,"Oldendorf (Göhrde), Alte Poststraße",10.8106019,53.1588406
node,1811057641,Quickborn,10.7529866,53.1861215
node,1811057645,Quickborn,10.7528973,53.1862571
node,1811070206,"Nindorf bei Bleckede, L222",10.7428188,53.2618189
node,1811070207,"Nindorf bei Bleckede, L222",10.7426874,53.2618423
node,1811070209,"Bleckede, Dahlenburger Straße",10.741308,53.2790683
node,1811070211,"Bleckede, Waldfrieden",10.7436216,53.2717076
node,1811082398,"Neu Wendischthun, Abzweig",10.78729,53.3036952
node,1811082401,"Neu Wendischthun, Abzweig",10.7865093,53.3037158
node,1811082434,Neu Wendischthun,10.7761113,53.3050591
node,1811082438,Neu Wendischthun,10.7761428,53.3051233
node,1811871712,Niendorf (Amt Neuhaus),10.8901499,53.3073146
node,1811871714,Neuhaus OT Carrenzien,10.9341693,53.2787219
node,1811871745,,10.8892485,53.2886889
node,1811871746,,10.8894114,53.2887304
node,1813974855,Vor der Westermarsch,10.3846317,53.2957478
node,1814233226,"Artlenburg, Elbdeich",10.4826681,53.3751486
node,1817416956,Stapel II,10.9583687,53.2539736
node,1817416957,Zeetze I,10.9802738,53.2321619
node,1817416961,Zeetze II,10.9874111,53.2274959
node,1818608627,Wehningen,11.1668439,53.1714947
node,1818608631,Wehningen,11.1669761,53.1715967
node,1818608766,Kaarßen Neubau,11.052825,53.1898635
node,1818608770,Kaarßen Neubau,11.052938,53.189937
node,1829940524,Scharnebecker Straße,10.4479667,53.3317514
node,1829940525,Scharnebecker Straße,10.4480557,53.3318174
node,1830088669,Alte Dorfstraße,10.5395238,53.289117
node,1830088679,"Rullstorf, Am Neetzekanal",10.5589707,53.2965617
node,1830088688,"Rullstorf, Am Neetzekanal",10.5588809,53.2966355
node,1835454901,"Vastorf, Abzweigung Bahnhof",10.5499284,53.1989822
node,1839868596,Grundschule,10.7741196,53.2422916
node,1839897450,Denkmal,10.4432224,53.333012
node,1839897451,Grundschule,10.4459853,53.3337013
node,1839897454,"Brietlingen, Ort",10.4452223,53.3302669
node,1845911343,"Walmsburg, Bruchdorfer Straße",10.8482356,53.2391409
node,1846766355,"Garze, Große Straße 29",10.6950179,53.3072631
node,1851807827,"Nutzfelde, Am Walde",10.5173332,53.2686827
node,1904371907,"Marienau, Drosselstraße 7",10.7270496,53.2016488
node,1918464287,Moorweg,10.1457246,53.1406496
node,1918464289,Hauptstraße,10.1472557,53.1415428
node,1918464290,Grundschule,10.1460862,53.142656
node,1918480785,Moorweg,10.1454639,53.1407287
node,1935570686,"Pommoißel, Göhrder Bahnhofstraße",10.8618588,53.1657129
node,1935570692,"Pommoißel, Göhrder Bahnhofstraße",10.8616076,53.165806
node,1935570700,Nieperfitz,10.8814177,53.1576787
node,1935601887,Tangsehler Weg,10.8189301,53.1748335
node,1935601888,Tangsehler Weg,10.8186324,53.1749326
node,1935614923,"Süschendorf, Ort",10.7839364,53.1676944
node,2004621062,Auf dem Schmaarkamp,10.4132179,53.2606516
node,2012947564,Eichdorf,10.833831,53.1623602
node,2012947565,Eichdorf,10.8337038,53.1623996
node,2015120617,Vrestorfer Weg,10.4260987,53.2788106
node,2015120618,Vrestorfer Weg,10.4260159,53.2789402
node,2015438276,Thiessendörper Weg,10.3910124,53.2890091
node,2046400521,Landwehrplatz,10.3542784,53.2479224
node,2053100822,Lindenweg,10.3611295,53.2480974
node,2184587146,Am Diemel,10.4009785,53.1803408
node,2184587147,Am Diemel,10.4008578,53.1802973
node,2184708119,Ätzberg,10.3949058,53.1774491
node,2184708120,Ätzberg,10.3950831,53.1773767
node,2269708162,"Hittbergen, Roggenberg",10.5960677,53.3481539
node,2269708164,"Hittbergen, Roggenberg",10.5962882,53.3482012
node,2296934587,Südergellerser Weg,10.2524476,53.232284
node,2297049243,Hauptstraße (L 216),10.2483036,53.2329848
node,2328939473,Teufelsküche,10.384344,53.2382175
node,2365048228,Im Dorfe,10.2918703,53.2313242
node,2407815263,Hauptstraße,10.3690826,53.1422975
node,2479149962,Neu Süttorf,10.6839508,53.2731495
node,2479156893,Am Dorfplatz,10.624862,53.2653005
node,2479161639,"Sülbeck, An den Eichen (L 221)",10.56262,53.2652483
node,2579846593,Bühringsmoor,10.3594187,53.2922837
node,2579846594,Bühringsmoor,10.3593359,53.2924313
node,2579846602,Radbrucher Weg,10.3622233,53.2903712
node,2579846603,Radbrucher Weg,10.3623436,53.2905484
node,2579846604,Wendeplatz,10.3564185,53.2938238
node,2579846605,Witwenkamp,10.3650642,53.2891832
node,2579846606,Witwenkamp,10.3651705,53.2892698
node,2632455483,Ernst-Braune-Straße,10.388196,53.23946
node,2700457184,"Wendewisch, Campingplatz",10.6502861,53.3587372
node,2719817533,"Hittbergen, Kirche",10.5892276,53.3445894
node,2719820699,Ernst-Kissolewski-Straße,10.5626299,53.3542178
node,2719823045,Triftweg,10.5614771,53.3602915
node,2719823049,Triftweg,10.5616387,53.3604549
node,2719825959,Am Sportzentrum,10.5512395,53.3640811
node,2719825968,"Hohnstorf, Am Sportzentrum",10.5500066,53.3647636
node,2745085368,Leuphana,10.4010697,53.2300356
node,2781029558,Ort,10.5142698,53.2520864
node,2782776237,Grundschule,10.6277332,53.2619626
node,2782829372,"Neu Neetze, Am Milchberg",10.6495418,53.2888391
node,2782829376,"Neu Neetze, Birkenhof",10.6532373,53.2920806
node,2782829822,"Bleckeder Moor, Abzweigung",10.6580057,53.3008983
node,2782831398,"Karze, Auf dem Weel",10.6683701,53.3107637
node,2782833592,Große Straße 71,10.6846002,53.3088173
node,2782835045,Große Straße 3,10.7061658,53.3016323
node,2794696012,Kaarßen Dorf,11.0424553,53.1939215
node,2848418354,Lüner Rennbahn,10.4227875,53.2748865
node,2848418355,Schlachthof,10.4249277,53.2727519
node,2878572398,Auf den Blöcken,10.4613219,53.2384976
node,2878572399,Auf den Blöcken,10.461113,53.2389629
node,2904546321,Schildsteinweg,10.3924067,53.2410127
node,2904546324,Ernst-Braune-Straße,10.3885644,53.2396866
node,2936455571,"Bleckede, Rathaus",10.7321198,53.2907814
node,2936475887,Töpferdamm,10.7250404,53.2938286
node,2936477252,"Walmsburg, Kateminer Straße",10.8439138,53.2391182
node,2936478303,"Barskamp, Markt",10.7837919,53.2441291
node,2936483852,"Bleckede, Elbweg",10.7518144,53.2846395
node,2936483853,Bahnhof,10.7934763,53.266153
node,2936483859,"Alt Garge, Waldbad",10.8044277,53.2580616
node,2936483860,Brennbusch,10.7549585,53.2817049
node,2936511826,Walmsburger Straße,10.7853326,53.2434432
node,2936511828,Turnhalle,10.7981006,53.265378
node,2936511829,,10.7504645,53.2821462
node,2936511830,"Bleckede, Schiedenitzweg",10.7416057,53.2800631
node,2936511831,Schieringen,10.8235273,53.2335364
node,2936535232,"Reeßeln, Abzweigung",10.8611674,53.2354658
node,2936577452,"Breetze, Bokelstraße",10.709379,53.2646484
node,2936577454,"Breetze, Ziegelei",10.7152808,53.270797
node,2950819985,"Artlenburg, Ost",10.5042912,53.3679135
node,2973160587,Bessemerstraße,10.4128482,53.2697777
node,2973160588,Bessemerstraße,10.4125268,53.2698832
node,2973160589,Goebelstraße,10.4170492,53.268605
node,3007498666,SZ Kaltenmoor,10.4362805,53.2390035
node,3008184424,Rettmer (Mitte),10.3697803,53.2139069
node,3008208182,Am Bahnhof Rettmer,10.3819414,53.2194446
node,3008226969,Ortsmitte/B209,10.2922946,53.1508303
node,3008228358,"Oerzen, Im Dorfe",10.3244054,53.1933078
node,3008231768,Neu Oerzen,10.3182629,53.1793727
node,3008241566,"Amelinghausen, Grundschule",10.2202329,53.1251788
node,3008247635,Kastanienweg,10.1700179,53.126874
node,3008247636,Dehnsener Straße,10.1920065,53.1252587
node,3008257098,"Soderstorf, Friedhof",10.1351007,53.1348294
node,3008262043,Schwindebeck,10.1170317,53.1249508
node,3008270106,"Amelinghausen, Kirche",10.2126403,53.1245595
node,3010808415,Soltauer Straße,10.2084902,53.1247475
node,3010808416,Soltauer Straße,10.2084251,53.1248688
node,3010809632,Kloster Lüne,10.4233448,53.2609955
node,3027732261,Nikolaihof,10.3954401,53.2915066
node,3039338911,Sportzentrum,10.4541385,53.2890692
node,3039338912,Von-Stauffenberg-Straße,10.4407547,53.2819812
node,3039338913,DRK-Heim,10.4461997,53.2801254
node,3039338914,DRK-Heim,10.4465714,53.2799921
node,3044686551,Ginsterweg,10.3963103,53.2328076
node,3046813394,Hasenburger Berg,10.3977854,53.2356105
node,3046813395,Hasenburger Berg,10.3980164,53.2356652
node,3046813396,Zentralfriedhof,10.3988728,53.2370178
node,3046813397,Zentralfriedhof,10.3990103,53.237664
node,3056385717,Am Eiskeller,10.3850037,53.2362354
node,3056385718,Auf dem Knieberg,10.3884282,53.2356314
node,3056385719,Heidkamp,10.3931163,53.235028
node,3056385720,Meinekenhop,10.3876742,53.2375288
node,3056385721,Ringstraße,10.38936,53.2358785
node,3108852849,Bülows Kamp,10.4472325,53.2305165
node,3109981532,Soltauer Straße (Kurzentrum),10.4016865,53.241219
node,3109981533,Soltauer Straße (Kurzentrum),10.4026662,53.2414763
node,3135149369,Lüneburger Straße,10.7288327,53.2884042
node,3135149375,Lüneburger Straße,10.7288693,53.2882698
node,3135149378,Sandfeld,10.7222326,53.2853563
node,3135149379,Kurt-Löwenstein-Schule,10.7299436,53.2881094
node,3135149390,Sandfeld,10.7219748,53.2854372
node,3135177538,Schulzentrum,10.7311907,53.285256
node,3135177539,Schulzentrum,10.7308407,53.2851376
node,3135177540,Schulzentrum,10.730333,53.2848881
node,3135177541,Schulzentrum,10.7305484,53.2851456
node,3135177543,Schulzentrum,10.7303196,53.2850111
node,3135177547,Schulzentrum,10.7303388,53.2847513
node,3135177549,Schulzentrum,10.7311369,53.2854744
node,3135177552,Schulzentrum,10.7310715,53.2857021
node,3136293741,Clamartpark,10.4094815,53.2457263
node,3191900781,Hasenburger Schule,10.3973858,53.2331247
node,3191932659,Rosenkamp Wendeplatz,10.3809308,53.2237159
node,3191932660,Steinweg,10.3881503,53.2298974
node,3191932961,Övelgönner Weg,10.3918692,53.2298285
node,3202386834,Steinweg,10.3877909,53.2296983
node,3202386835,Övelgönner Weg,10.3919741,53.2297379
node,3210654081,Am Rischpool,10.3792252,53.1811444
node,3210662022,Schulzentrum,10.3509049,53.1802216
node,3210662024,"Embsen, Siedlung",10.3606392,53.1807401
node,3210662026,Schulzentrum,10.3514601,53.1806169
node,3210662029,Schulzentrum,10.3512268,53.180244
node,3210662033,Schulzentrum,10.3511115,53.1805817
node,3210662034,Schulzentrum,10.3516184,53.1808211
node,3210662035,Schulzentrum,10.3513448,53.1804498
node,3210662036,Schulzentrum,10.3509908,53.1804048
node,3211150416,Bei Mönchsgarten,10.3905525,53.2529913
node,3211150417,Psychiatrische Klinik,10.3882448,53.2543858
node,3225614869,Bahnhofstraße,10.380284,53.2910843
node,3225614870,Hagemannsweg,10.3988018,53.2808472
node,3225614873,Schwarzer Weg,10.396356,53.2887674
node,3225614874,St.-Nikolai-Straße (Schule),10.389031,53.2924355
node,3225614875,Thiessendörper Weg,10.3908372,53.2890072
node,3227603540,Bahnhofstraße,10.3810842,53.291225
node,3227603541,Finanzamt,10.4120099,53.2556236
node,3227603542,Königsberger Straße,10.4086651,53.2627692
node,3227603543,Landwehr,10.3957609,53.2835917
node,3227603544,Nikolaihof,10.3946792,53.2919579
node,3227603546,Schwarzer Weg,10.3961835,53.2888323
node,3227603547,St.-Nikolai-Straße (Schule),10.3888537,53.2923763
node,3228615575,Markt,10.3931077,53.2978596
node,3228615577,Pieperstraße,10.3933335,53.2950296
node,3233157084,Am Graben,10.4180528,53.2668709
node,3233157085,Am Graben,10.4182724,53.2667627
node,3233157086,Böcklerstraße/TÜV,10.4098875,53.2716586
node,3233157087,Böcklerstraße/TÜV,10.4090324,53.2715512
node,3233157088,Eisenbahnbrücke,10.4189258,53.2623711
node,3233157089,Eisenbahnbrücke,10.4191154,53.2624626
node,3233157090,Goseburgstraße,10.4181483,53.2646288
node,3233157091,Goseburgstraße,10.4183559,53.2644417
node,3233157092,Ilmenaucenter,10.4165325,53.2608424
node,3233157093,Ilmenaucenter,10.4162537,53.2608864
node,3233157094,Konrad-Zuse-Allee,10.4169116,53.2561248
node,3233157095,Konrad-Zuse-Allee,10.4163791,53.2550027
node,3234147046,Bei der Pferdehütte,10.4049475,53.2738643
node,3234147047,Schomakerstraße,10.399619,53.2539977
node,3241135967,Dorfstraße,10.4717328,53.2766905
node,3241135968,EDEKA,10.4232857,53.2813577
node,3242423761,Röntgenstraße,10.4480258,53.2821277
node,3264818215,Schulzentrum,10.7310407,53.2859228
node,3273986768,Brockwinklerweg,10.3863261,53.2570492
node,3302907476,"Wendewisch, Hittberger Straße 56",10.6336008,53.3445568
node,3335699957,"Erbstorf, Feuerwehr",10.4743201,53.2757234
node,3335839450,Dorfstraße,10.4718028,53.2767561
node,3338569132,An der Roten Bleiche (Universität),10.4132004,53.2387357
node,3338569134,Feldstraße (Universität),10.4137315,53.2420275
node,3348003479,GHS Kreideberg,10.3982108,53.2619427
node,3348003480,Herderschule,10.3913545,53.2558772
node,3348003482,Spechtsweg,10.4164645,53.2323864
node,3350297319,"Sülbeck, An den Eichen (L 221)",10.5624149,53.2651602
node,3350297321,Am Dorfplatz,10.6246475,53.2654029
node,3350545350,Abzweig Dumstorf,10.6991892,53.1891874
node,3350545353,Abzweig Sommerbeck,10.6778814,53.1898413
node,3350545355,Ehrenfriedhof,10.7320747,53.1886856
node,3350545356,Kanalbrücke,10.4842206,53.2356735
node,3351847263,Abzw. Betzendorf,10.3724436,53.1356272
node,3351847266,Amselweg,10.3449174,53.1714801
node,3351847268,Amselweg,10.3447087,53.1714856
node,3351847269,"Embsen, Bahnhofstraße",10.3451431,53.1774069
node,3351847270,Bauerholzweg,10.3722898,53.1384948
node,3351847273,Bokenkamp,10.3637106,53.1458324
node,3351847277,Forsthaus,10.3452819,53.1659492
node,3351847278,Hauptstraße,10.3693807,53.1417949
node,3351847279,Heinsen,10.3447019,53.1592249
node,3351847280,Heinsen,10.3448724,53.159261
node,3352332058,"Ventschau, Am Bach",10.8652087,53.2056699
node,3352332061,Gut Horndorf,10.7950865,53.1969503
node,3352332063,Gut Horndorf,10.7951221,53.1970495
node,3352332068,"Tosterglope, Neuhauser Straße",10.822999,53.2095809
node,3352332069,"Tosterglope, Neuhauser Straße",10.8229902,53.2096485
node,3352332070,"Ventschau, Ortsmitte",10.856331,53.2011097
node,3352332079,"Tosterglope, Siedlung",10.8168328,53.2069926
node,3352332081,"Tosterglope, Siedlung",10.8165689,53.20698
node,3359249094,Georg - Chors - Weg,10.2943277,53.2105163
node,3359249096,Südergellerser Weg,10.3267506,53.212452
node,3359249097,Südergellerser Weg,10.3266606,53.2124777
node,3365760416,Dehnsener Straße,10.1903495,53.1255539
node,3365760420,Kastanienweg,10.1698805,53.1269302
node,3365760423,Schwindebeck,10.1181322,53.1253299
node,3366247099,"Boltersen, Bahnhofstraße",10.5663192,53.2757253
node,3366247100,Im Ort,10.5308366,53.2861978
node,3366247104,Meisterstraße,10.5113046,53.2938825
node,3366247106,Neumühlen bei Rullstorf,10.5858354,53.2874917
node,3366404945,Südergellerser Weg,10.2534435,53.2323895
node,3366560736,Das Rote Feld,10.2405714,53.2353327
node,3366560738,Das Rote Feld,10.2398522,53.2352721
node,3366560739,Hauptstraße (L 216),10.2485412,53.2330129
node,3371940810,"Alt Garge, Hauptstraße",10.8022425,53.2651088
node,3371945433,Kampweg,10.3821726,53.1576962
node,3371945434,Mühlenberg,10.3707354,53.1422029
node,3371945435,Wiesenweg,10.3824756,53.1596556
node,3374923860,Boitze,10.7470122,53.1491233
node,3374923862,"Eimstorf, Ort",10.6828334,53.1862227
node,3374923878,Schulzentrum,10.7476261,53.1837408
node,3380204860,Alte Salzstraße,10.4557029,53.3507868
node,3380204864,Artlenburger Landstraße,10.4274564,53.2794438
node,3380204866,Bundesstraße 10,10.5368785,53.3645224
node,3380204870,Ort,10.4457726,53.3307173
node,3397232056,Schützenstraße,10.2887939,53.230101
node,3398307064,Neu Süttorf,10.6838713,53.2732402
node,3398307065,Ort,10.5130422,53.2520449
node,3400223164,"Bleckeder Moor, Abzweigung",10.6578616,53.3009246
node,3400223165,"Neu Neetze, Am Milchberg",10.6493542,53.2888043
node,3400223167,"Karze, An den Hauskoppeln",10.6756397,53.3136521
node,3400223169,"Karze, Auf dem Weel",10.6684537,53.3107293
node,3400223171,Bahnhof,10.6264489,53.2695703
node,3400223172,Bahnhof,10.6262942,53.2696611
node,3400223173,"Neu Neetze, Birkenhof",10.653046,53.2917986
node,3400223174,Bockelheide,10.6403465,53.2810053
node,3400223175,Bockelheide,10.6400788,53.2809291
node,3400223177,"Garze, Große Straße 29",10.6951069,53.3073128
node,3400223178,Große Straße 3,10.7057728,53.3018044
node,3400223179,Große Straße 71,10.6845609,53.3087418
node,3535410446,Harmstorf bei Dahlem,10.7594527,53.2143129
node,3659338588,K 2 / Zum Bahnhof,10.5261181,53.2922915
node,3675715193,"Wittorf, Birkenweg",10.355069,53.3270942
node,3675715194,"Wittorf, Birkenweg",10.3545671,53.3271406
node,3770564722,Veilchenring,10.3723079,53.2104621
node,3843502663,"Radbruch, Schäfer-Ast-Straße",10.2862861,53.3118757
node,3875327727,"Barum, Abzweig Horburg",10.4043808,53.3535228
node,3875327735,"Horburg, Im Winkel",10.3944561,53.3597796
node,3875327736,"Horburg, Im Winkel",10.394146,53.3598574
node,3875327738,"Horburg, Schule",10.4036105,53.3540064
node,3875327740,Alte Salzstraße,10.4558203,53.3507201
node,3875331873,"St. Dionys, Gotenweg",10.397319,53.3352977
node,3875331875,"St. Dionys, Gotenweg",10.3972613,53.3353375
node,3877144291,"Artlenburg, Hopfenhof",10.4862852,53.3725339
node,3877144293,"Artlenburg, Hopfenhof",10.4862409,53.3726816
node,3877144294,Bundesstraße 10,10.5368811,53.3646079
node,3877144296,Große Straße,10.4866414,53.3707285
node,3877144297,"Hohnstorf, Dorfstraße",10.5516435,53.3659718
node,3877144298,"Hohnstorf, Dorfstraße",10.5517849,53.3660557
node,4082701885,"Barförde, Barförder Elbdeich 22",10.6282233,53.3678943
node,4082701886,"Barförde, Barförder Elbdeich 22",10.6281052,53.3680233
node,4128092867,"Dahlenburg, Mittelfeld",10.7237884,53.1914733
node,4128092868,"Dahlenburg, Ehrenfriedhof",10.7314192,53.1888642
node,4133634391,"Thomasburg, Radenbecker Weg",10.6540644,53.2296106
node,4338084486,"Erbstorf, Wendeplatz",10.4763801,53.273606
node,4346245278,Im Ort,10.5306151,53.2862344
node,4346380606,"Boltersen, Rullstorfer Straße",10.5665017,53.2744292
node,4346551187,"Bockelkathen, Auf dem Kreuze",10.5691162,53.3029267
node,4346551188,"Bockelkathen, Auf dem Kreuze",10.5689982,53.3029452
node,4362139493,"Lüdersburg, Bachkoppelweg",10.5722596,53.3102723
node,4362139495,"Lüdersburg, Bachkoppelweg",10.5721505,53.3102972
node,4363688001,"Rosenthal, Ortsmitte",10.6335663,53.3112261
node,4363688002,"Rosenthal, Ortsmitte",10.6336434,53.3112389
node,4363688114,"Bleckeder Moor, Zweiter Moorweg",10.666641,53.2975978
node,4363688115,"Bleckeder Moor, Zweiter Moorweg",10.666694,53.2976434
node,4363688116,"Karze, Am Rotdorn",10.6752663,53.3154938
node,4363688118,"Karze, Am Rotdorn",10.6753997,53.3155623
node,4363688119,"Neu Jürgenstorf, Ort",10.6147204,53.3073398
node,4363688120,"Neu Jürgenstorf, Rosenthaler Weg",10.6168856,53.3075161
node,4363688122,"Neu Jürgenstorf, Rosenthaler Weg",10.6168762,53.3075818
node,4363688123,"Neu Neetze, Haus Nr. 50",10.6323779,53.301733
node,4363688124,"Neu Neetze, Haus Nr. 50",10.6324718,53.3017491
node,4366991851,"Garlstorf, Dorfstraße 36",10.676738,53.3499558
node,4366991852,"Garlstorf, Dorfstraße 36",10.6767906,53.3500349
node,4366991853,"Garlstorf, Dorfstraße 68",10.6697376,53.3511113
node,4366991854,"Garlstorf, Dorfstraße 68",10.669798,53.3511974
node,4366991883,"Radegast, Pferdekoppel",10.7071268,53.3533351
node,4366991884,"Radegast, Zum Kirchplatz",10.7246837,53.3451981
node,4366991886,"Radegast, Zum Kirchplatz",10.7245624,53.3452527
node,4366992091,"Radegast, Elbuferstraße 41",10.7162708,53.3479752
node,4366992092,"Radegast, Elbuferstraße 41",10.7162352,53.3480516
node,4366992093,"Radegast, Pferdekoppel",10.7070611,53.3532799
node,4368562468,"Wendewisch, Hittberger Straße 59",10.6473268,53.3539936
node,4368562469,"Wendewisch, Hittberger Straße 59",10.6473247,53.3535626
node,4368562470,"Wendewisch, Siedlung",10.6530073,53.3488213
node,4368562471,"Wendewisch, Siedlung",10.6528102,53.3489518
node,4368562497,"Barförde, Feuerwehr",10.6323104,53.3673472
node,4368562499,"Barförde, Feuerwehr",10.6323435,53.3674143
node,4368562500,"Barförde, Hinter den Höfen",10.6383729,53.3671791
node,4368562501,"Barförde, Hinter den Höfen",10.6384193,53.3672159
node,4368562503,"Garlstorf, Schmiede",10.6600421,53.3498813
node,4368562504,"Garlstorf, Schmiede",10.6599482,53.3499188
node,4368697373,"Bullendorf, Am Buscheberg",10.5727847,53.3470666
node,4368697374,"Bullendorf, Am Buscheberg",10.5730639,53.3471097
node,4368697375,"Bullendorf, Brücke",10.566308,53.3447411
node,4368697376,"Bullendorf, Brücke",10.5665615,53.3450534
node,4368697378,"Hittbergen, Feldstraße",10.5950416,53.3443083
node,4368697379,"Hittbergen, Feldstraße",10.5950902,53.3443638
node,4368697380,"Hittbergen, Im Kamp",10.5810492,53.34497
node,4368697381,"Hittbergen, Im Kamp",10.581079,53.3450476
node,4368697384,"Hittbergen, Schönfeld",10.6152667,53.3642732
node,4368697385,"Hittbergen, Schönfeld",10.6154538,53.364335
node,4368699612,"Echem, Schulstraße",10.543199,53.3376817
node,4377393653,"Marienau, Gymnasium",10.7253874,53.2037306
node,4412341240,"Wendhausen, Im Ort",10.5659388,53.2505302
node,4412345428,Wennekath 5,10.6242331,53.2365926
node,4412345429,Wennekath 5,10.6242505,53.2366809
node,4412345430,Wennekath 8,10.6322698,53.236357
node,4412345433,Wennekath 8,10.6321806,53.2364653
node,4412346069,Kanalbrücke,10.4831658,53.2360652
node,4412349258,Süttorf,10.6354576,53.2479476
node,4412349260,Süttorf,10.6355502,53.2479508
node,4412352610,"Bleckede, Dahlenburger Straße",10.7411341,53.2790685
node,4412352612,"Bleckede, Rathaus",10.7318368,53.2906762
node,4412352614,"Bleckede, Waldfrieden",10.7437719,53.2716515
node,4412352615,"Breetze, Ziegelei",10.715304,53.2707198
node,4413970934,Neu Bleckede,10.7471717,53.3024296
node,4429701550,"Dahlenburg, Fliederweg",10.7314217,53.1843821
node,4429701551,"Dahlenburg, Fliederweg",10.7326716,53.1844858
node,4429701552,"Lemgrabe, An der Kleinbahn",10.7134588,53.1769326
node,4429701553,"Lemgrabe, An der Kleinbahn",10.7134558,53.1771394
node,4454099797,"Dahlem, Steinweg",10.7480217,53.2032991
node,4455740045,Birkenhof,10.6980317,53.1972976
node,4455740046,"Ellringen, Ellringer Neetzetal",10.703255,53.2234077
node,4455740047,"Ellringen, Ellringer Neetzetal",10.7033656,53.2234836
node,4455740049,Klein Sommerbeck 15,10.6785795,53.2014664
node,4455741197,"Wiecheln, Abzweig K 26",10.6766872,53.2240294
node,4455741198,"Wiecheln, Abzweig K 26",10.6767349,53.224094
node,4455744289,Köstorf 6 (K 11),10.753793,53.2289146
node,4455744290,Köstorf 6 (K 11),10.7539057,53.2289547
node,4455744292,"Köstorf, Abzw. Barskamp",10.7565989,53.2331101
node,4457183489,"Barskamp, Hohe Luft",10.7771277,53.2415976
node,4457183490,"Barskamp, Hohe Luft",10.7770486,53.2416554
node,4457183491,"Göddingen, Am Fischteich",10.7649775,53.2532928
node,4457183492,"Göddingen, Wöppenberg",10.7608067,53.256804
node,4458351323,"Bleckede, Elbweg",10.7520096,53.2839417
node,4458351332,Robert-Koch-Straße,10.7353407,53.2798198
node,4487714196,Gülstorf Abzw.,10.8458862,53.2645277
node,4487714197,Krusendorf,10.858633,53.2952247
node,4487714209,Stiepelse,10.8023193,53.2889502
node,4501550089,"Niendorf (Amt Neuhaus), Hof",10.8606388,53.3103285
node,4501550090,"Niendorf (Amt Neuhaus), Hof",10.8604873,53.3103934
node,4501550091,Preten,10.9066144,53.3185314
node,4515532881,Feldstraße,10.3702017,53.2894336
node,4515532883,Feldstraße,10.3702523,53.2895323
node,4526431009,Lüneburger Straße,10.4694455,53.2186214
node,4526431010,Lüneburger Straße,10.4699563,53.2196082
node,4526602540,"Radbruch, Peerort",10.2918472,53.3168729
node,4543258120,"Echem, Dorfstraße",10.5331709,53.3367656
node,4543258122,"Echem, Dorfstraße",10.5332005,53.3368172
node,4692757974,"Marienthal, Alte Salzstraße",10.4725373,53.3622633
node,4888485770,"Radbruch, Mühle",10.3136963,53.3051747
node,4888485771,"Radbruch, Mühle",10.313691,53.3052644
node,4888485772,"Radbruch, Wittorferweg",10.2941944,53.3087294
node,4888485773,"Radbruch, Wittorferweg",10.2941422,53.3088418
node,4888559937,"Bardowick, Wendeplatz",10.3559539,53.2938116
node,4888559939,"Bardowick, Wendeplatz",10.356852,53.2933521
node,4888559940,Am Bruch,10.3320029,53.302123
node,4892725160,Hamburger Landstraße,10.3868997,53.2935428
node,4892725162,Schulzentrum,10.3899292,53.2928615
node,4892725163,Schulzentrum,10.3896315,53.2926619
node,4892725164,Schulzentrum,10.390063,53.2926608
node,4892913740,"Artlenburg, Mühle",10.4989909,53.3687034
node,4892913741,"Artlenburg, Elbdeich",10.4825583,53.3750501
node,4980567980,"Wetzen, Dorfstraße",10.2392624,53.1744975
node,4980567981,"Wetzen, Dorfstraße",10.2374244,53.1748667
node,4995717621,"Dachtmissen, Waldweg",10.3162694,53.2523063
node,5003622023,Neestahl,10.8636808,53.1803649
node,5003634321,Neestahl,10.8641825,53.1802361
node,5003716030,"Kovahl, Alter Rundling",10.8592911,53.1828875
node,5003727923,"Kovahl, Alter Rundling",10.858801,53.1828337
node,5005381721,"Nahrendorf, Im Klint",10.8119912,53.1735735
node,5010215974,"Wittorf, Hauptstraße",10.3805995,53.3305839
node,5010215975,"Wittorf, Hauptstraße",10.3804453,53.3305446
node,5010215978,"Wittorf, Brücke",10.3819406,53.3318132
node,5010215981,"Wittorf, Neulander Weg",10.3646075,53.3293056
node,5010215982,"Wittorf, Neulander Weg",10.3648455,53.3292603
node,5010215985,"Handorf, Mühle",10.3474554,53.338914
node,5010215986,"Handorf, Mühle",10.347096,53.3387387
node,5010215988,"Handorf, Ortsmitte",10.345704,53.3435453
node,5082588524,"Vastorf, Gifkendorfer Straße",10.5461749,53.1974828
node,5082588525,"Vastorf, Bahnbrücke",10.5455513,53.2001171
node,5084779651,"Horndorf, Kreuzung B 216",10.587352,53.214515
node,5084779652,"Rohstorf, Ort",10.5823456,53.2029603
node,5084779653,"Rohstorf, Ort",10.5824328,53.2028631
node,5153442576,"Reinstorf, Am Vitusbach",10.5722787,53.2346005
node,5153456335,Ernst-Kissolewski-Straße,10.5625874,53.3544233
node,5178976814,Gülze bei Neuhaus,10.9182966,53.2856608
node,5178977743,Stapel I,10.9578588,53.2569631
node,5178977748,Neuhaus Tankstelle,10.9376849,53.2868602
node,5184597399,Dellien,10.9216774,53.307325
node,5184597400,Dellien,10.9215607,53.3074949
node,5184597401,Sückau,10.9570125,53.3169643
node,5184597404,Rosien I,10.9657247,53.2982943
node,5244983296,Volkstorf,10.5459413,53.2062821
node,5244983299,Schule B,10.5371366,53.2254971
node,5246381601,"Dahlenburg, Mittelfeld",10.7231777,53.191475
node,5246381607,Schulzentrum,10.747313,53.184
node,5246381608,Schulzentrum,10.7474695,53.1838704
node,5246381611,"Lemgrabe, Am Hasenberg",10.7036917,53.1708265
node,5249594228,"Radenbeck, Dorfstraße",10.6301683,53.2246603
node,5249594237,"Ellringen, Kettelberg",10.7040434,53.2262198
node,5249594238,"Ellringen, Kettelberg",10.7040461,53.2261668
node,5251240975,"Neetze, Am Ried",10.6198868,53.2734573
node,5251240976,"Neetze, Am Ried",10.6198305,53.2734043
node,5253099766,"Barskamp, Markt",10.783942,53.2441839
node,5254791748,"Neu Jürgenstorf, Ahrenschulter",10.6240146,53.3161402
node,5254791749,"Neu Jürgenstorf, Ahrenschulter",10.6240597,53.3161984
node,5254791750,"Rosenthal, L 219",10.6340671,53.3154685
node,5254791751,"Rosenthal, L 219",10.6341328,53.3156411
node,5254791752,Vogelsang 11,10.6507453,53.3241209
node,5254791753,Vogelsang 11,10.6507184,53.3240296
node,5254791754,"Vogelsang, Ort",10.6596535,53.3242727
node,5254791755,"Vogelsang, Ort",10.6587463,53.3247642
node,5254792594,"Bleckeder Moor, Heidmoor",10.6731644,53.2995353
node,5254792595,"Bleckeder Moor, Heidmoor",10.6732382,53.2995874
node,5254792604,"Bleckeder Moor, Fuchsweg",10.6903112,53.2923899
node,5254792605,"Bleckeder Moor, Fuchsweg",10.6894371,53.2927837
node,5254895851,"Garlstorf, Neu Brackede",10.6911641,53.348685
node,5254895852,"Garlstorf, Neu Brackede",10.6912177,53.3487643
node,5254895853,"Brackede, Abzweig Garlstorf",10.6996707,53.3482567
node,5254895854,"Brackede, Abzweig Garlstorf",10.6997861,53.3482183
node,5254895855,"Barförde, Poggenort",10.6433558,53.3604898
node,5254895856,"Barförde, Poggenort",10.6433571,53.3604074
node,5254895857,"Barförde, Elbdeich 15",10.6382803,53.3626705
node,5254895858,"Barförde, Elbdeich 15",10.6381061,53.3626958
node,5323518001,"Rolfsen, Alte Rolfsener Straße",10.1577015,53.1631235
node,5323518002,"Rolfsen, Alte Rolfsener Straße",10.1578272,53.163148
node,5681576735,,10.4262302,53.2616223
node,5681576736,,10.4263212,53.2616709
node,5833469985,Finkenweg,10.3617945,53.2705059
node,5833469986,Dorfplatz,10.3489387,53.2783827
node,5835144885,Kirchgellerser Straße,10.2974503,53.2133454
node,5835144886,Kirchgellerser Straße,10.2975697,53.2133033
node,5835144887,"Südergellersen, Stähwiesen",10.2971117,53.2160895
node,5835144888,"Südergellersen, Stähwiesen",10.2972257,53.2168155
node,5835144890,"Kirchgellersen, Grundschule",10.2909644,53.2342138
node,5835144894,Dachtmisser Straße,10.3449053,53.250619
node,5835144895,Dachtmisser Straße,10.3446948,53.25055
node,5835157427,"Amelinghausen, Bahnhof",10.2155574,53.1307291
node,5835157430,"Amelinghausen, Kirche",10.2128085,53.1245871
node,5835157433,"Amelinghausen, Grundschule",10.2199768,53.1253234
node,5835157434,"Amelinghausen, Grundschule",10.220534,53.1251612
node,5837192512,Rettmer (Mitte),10.3708243,53.2142764
node,5839014550,"Drögennindorf, Celler Landstraße",10.2952075,53.1516193
node,5839014553,"Drögennindorf, Bahnhof",10.3004922,53.148132
node,5839014554,"Drögennindorf, Bahnhof",10.3005884,53.1482292
node,5839014555,"Betzendorf, Im Dorfe",10.3109037,53.1369248
node,5839014556,"Betzendorf, Im Dorfe",10.311196,53.1370986
node,5839014557,"Betzendorf, Im Dorfe",10.3118719,53.137356
node,5839014875,"Oerzen, Im Dorfe",10.3237823,53.1931852
node,5839060286,"Wetzen, Kreuzung",10.2116968,53.1775181
node,5839060287,"Wetzen, Kreuzung",10.2116458,53.1776322
node,5839060289,"Neu Oldendorf, L 234",10.2108861,53.1712175
node,5839060290,"Neu Oldendorf, L 234",10.2110571,53.171231
node,5847254981,"Rehlingen, Denkmal",10.2203923,53.1059339
node,5847254982,"Rehlingen, Denkmal",10.2202153,53.106285
node,5847254983,"Ehlbeck, Apfelstraße",10.1584198,53.088432
node,5847254984,"Ehlbeck, Finkenberg",10.152315,53.0871268
node,5847255385,"Rehrhof, Munsterstraße",10.1461273,53.0922053
node,5849915775,"Tellmer, Dorfstraße",10.3020999,53.1118502
node,5849915776,"Tellmer, Dorfstraße",10.3024701,53.111496
node,5849915777,"Tellmer, Rosengarten",10.2975945,53.105336
node,5849915778,"Tellmer, Rosengarten",10.2977319,53.1053009
node,5849915782,"Diersbüttel, Siedlung",10.2769888,53.1027537
node,5849915783,"Diersbüttel, Siedlung",10.277025,53.102852
node,5849915784,"Diersbüttel, Ortsmitte",10.2610709,53.0997887
node,5849920485,"Diersbüttel, Ortsmitte",10.2608698,53.099866
node,5849955402,Große Hof,10.3745093,53.1341435
node,5849955405,"Betzendorf, Abzweigung Glüsingen",10.3107364,53.1248687
node,5849955406,"Betzendorf, Abzweigung Glüsingen",10.3109026,53.1248542
node,5849955409,"Hohenesch, Abzweigung",10.3078929,53.1187899
node,5849955410,"Hohenesch, Abzweigung",10.3081289,53.1187754
node,6051680631,Pommau,10.9563903,53.2124082
node,6051680632,Pommau,10.9564104,53.2124941
node,6051680633,Vockfey,10.9370763,53.2248968
node,6051680634,Vockfey,10.9369222,53.2248206
node,6051680642,"Darchau, Fähre",10.8942647,53.2361882
node,6051680643,"Darchau, Fähre",10.894321,53.237149
node,6051680648,Konau,10.8794293,53.2500934
node,6051680649,Konau,10.8793704,53.2500402
node,6051680916,Groß Banratz,10.9391075,53.2412545
node,6051680917,Groß Banratz,10.9390505,53.2411129
node,6051680918,"Neuhaus, Mühle",10.9259342,53.2739769
node,6051680919,"Neuhaus, Mühle",10.9259114,53.274264
node,6051680921,Haar,10.9177833,53.26192
node,6051680922,Haar,10.9180824,53.2620419
node,6096998787,"Reeßeln, Abzweigung",10.8611112,53.2353973
node,6096998793,"Walmsburg, Bruchdorfer Straße",10.8488803,53.2389272
node,6096998795,"Walmsburg, Kateminer Straße",10.8435428,53.2391078
node,6100845398,"Köhlingen, Abzweig Ventschau",10.8397447,53.2130333
node,6100845399,"Ventschau, Am Dicken Busch",10.8515799,53.2045721
node,6100845401,"Ventschau, Ortsmitte",10.8561799,53.2011508
node,6100845402,"Ventschau, Am Bach",10.8651076,53.2057537
node,6101285139,"Neestahl, Abzweig Tangsehl",10.8722471,53.1715147
node,6101285140,"Neestahl, Abzweig Tangsehl",10.8720647,53.1716674
node,6101285143,"Pommoißel, Pommoißeler Straße",10.8674829,53.1638469
node,6101285144,"Pommoißel, Pommoißeler Straße",10.8672965,53.1637151
node,6101285146,Nieperfitz,10.8814572,53.1577489
node,6101338519,"Neetzendorf, Ort",10.7632645,53.1613589
node,6101339119,Lüben,10.8552935,53.1572013
node,6101339120,Lüben,10.8553378,53.1572736
node,6101339123,"Oldendorf (Göhrde), Alte Poststraße",10.8104818,53.1587673
node,6101339126,"Nahrendorf, Im Klint",10.8117444,53.1737228
node,6104223415,Tartuer Platz,10.4329656,53.2528511
node,6202265700,"Nutzfelde, Am Walde",10.5174673,53.2686732
node,6225796629,"Wendhausen, Wendenstraße",10.5608855,53.2496753
node,6225796630,"Wendhausen, Wendenstraße",10.5606468,53.2496937
node,6225796644,"Holzen, Op dan Brink",10.5827643,53.241263
node,6225954386,"Neu Neetze, Denker",10.6217631,53.2950977
node,6225954387,"Neu Neetze, Denker",10.6217564,53.295173
node,6262801046,"Gienau, Wiebecker Straße",10.6644576,53.1645591
node,6262801047,"Gienau, Wiebecker Straße",10.6644684,53.1644702
node,6262801058,Becklingen,10.6392422,53.1684807
node,6264852973,Groß Sommerbeck 3,10.6808782,53.2047377
node,6266956477,"Alt Garge, Hauptstraße",10.8021744,53.2649595
node,6266956480,"Alt Garge, Waldbad",10.804328,53.2580953
node,6267024174,"Neu Neetze, Tennisclub",10.6168579,53.2867567
node,6267024175,"Neu Neetze, Tennisclub",10.6169692,53.2867495
node,6267024176,"Bleckede, Auf dem Kamp",10.7364857,53.2890504
node,6296504313,Bitter,11.0357062,53.1691825
node,6296504320,"Herrenhof, Fähre",11.0507685,53.1626824
node,6296504321,"Herrenhof, Fähre",11.0509999,53.1625977
node,6296504323,Wilkenstorf,11.1108188,53.1586779
node,6296504324,Brandstade,11.067237,53.1608683
node,6296504851,Brandstade,11.0673362,53.160968
node,6296504853,"Laake, Abzweig",11.0757762,53.1558082
node,6296504858,Raffatz,11.1079058,53.1535104
node,6296504862,Bohnenburg,11.123668,53.165871
node,6296504865,Goosewerder,11.0839525,53.1533454
node,6306422705,Eichdorfer Straße,10.8114417,53.1597665
node,6306422706,Eichdorfer Straße,10.8113073,53.1598444
node,6312555596,"Stiepelse, Ausbau",10.8003884,53.2962324
node,6312555597,"Stiepelse, Ausbau",10.8004075,53.2962885
node,6312555607,Sumte,10.8789493,53.2877271
node,6312555609,"Niendorf (Amt Neuhaus), Ausbau",10.8878229,53.3011784
node,6312555611,"Niendorf (Amt Neuhaus), Ausbau",10.8876489,53.3011832
node,6312555612,Krusendorf,10.8586127,53.2951374
node,6312555613,Gülze bei Neuhaus,10.9181673,53.285655
node,6978002258,"Breese, Abzw. Göhrde Bahnhof",10.8513983,53.1664917
node,6978002259,"Breese, Abzw. Göhrde Bahnhof",10.8513848,53.1664209
node,7061659845,Konrad-Adenauer-Straße Ost,10.4451221,53.2312612
node,7581206349,Mücklingen,10.7841419,53.1803332
node,7581206350,Mücklingen,10.7841928,53.1804176
node,7590545337,"Rassau, Abzweig",11.0329959,53.1843299
node,7590545338,Raffatz,11.0163581,53.1848186
node,7590581738,Pinnau,11.0783185,53.1802327
node,7590581739,Tripkau,11.1053914,53.1826945
node,7590581740,Tripkau,11.1061786,53.1826053
node,7593613601,Darchau,10.8967718,53.2400427
node,7752583246,"Oldendorf (Luhe), Abzw. Wohlenbüttel",10.2110021,53.1433429
node,7752583247,"Oldendorf (Luhe), Abzw. Wohlenbüttel",10.2112006,53.1439019
node,7947700409,Laave Dorf,11.0683756,53.2187219
node,7947700410,Laave Dorf,11.0680658,53.2188158
node,8602685503,Abzweig Sommerbeck,10.6791092,53.1899631
node,9005254482,"Diersbüttel, Haus Nr.15",10.2579863,53.1005081
node,9005254483,"Diersbüttel, Haus Nr.15",10.2579743,53.1004405
node,9005254484,Bockum,10.2033497,53.0906649
node,9181347107,Laave Siedlung,11.0449693,53.2388324
node,9181347108,Laave Siedlung,11.0451208,53.2388885
node,9181347116,Kaarßen Ausbau,11.0580075,53.2118765
node,9181379617,Kaarßen Ausbau,11.057923,53.2119263
